USE transportes;

SET SQL_SAFE_UPDATES = 0;

INSERT INTO Cliente (NIF)
	VALUES
		(441992269),        (744453376),        (597744248),        (068518607),        (402874140),
        (319720719),        (153408467),        (553312559),        (457377949),        (151997577),
        (861802884),        (610985252),        (330842299),		(431883423),		(140983587),
		(643031731),		(270756235),		(596697824),		(514507679),		(693759712),
		(231924474),		(410958187),		(131944336),		(058002551),		(046762932),
		(805419975),		(302976155),		(466539083),		(838584036),		(899615460),
		(043516925),		(495526453),		(467678705),		(109407502),		(092342956),
		(908850390),		(196744003)
    ;

-- DELETE FROM Cliente;
-- SELECT `data`,COUNT(VC.NIFCliente) from Viagem JOIN ViagemCliente as VC on Viagem.id = VC.idViagem GROUP BY `data`;
-- Conta quantas pessoas viajaram por dia (exemplo para testar se está tudo bem)

INSERT INTO Passe 
	(id, nome, dataNascimento, rua, codigoPostal, localidade, custoMensal, NIFCliente)
    VALUES
		(0, "Bruno Lopes Santos", "1970-04-26","Rua da Ponte, 15", "6150-125","Santa Helena",15.65,441992269),
        (1, "Marta Andreia Rodrigues", "1953-02-28","Avenida da Revolução, 320", "6285-854","Póvoa da Lenha",10.90,744453376),
        (2, "Samuel Inácio Fonseca", "1964-11-05","Largo do Poço, 96", "3280-624","Silva-a-Nova",15.65,597744248),
        (3, "Pedro Tomás Pinheiro", "1972-10-03","Rua da Ponte, 15", "6150-125","Santa Helena",10.90,068518607),
        (4, "Liandra Vaz Martins", "1985-03-31","Travessa da Juventude, 31", "3510-442","Nova Cruz",15.65,402874140),
        (5, "Francisca Lemos Costa", "1991-06-06","Rua do Café, 9", "2840-850","Silva-a-Nova",15.65,319720719),
        (6, "António Pinho Azevedo", "1988-12-15","Rua do Café, 9", "2840-850","Silva-a-Nova",15.65,153408467),
        (7, "Emília Antunes Silva", "2004-01-14","Rua das Rosas, 51", "5220-659","Santa Helena",8.74,553312559),
        (8, "José Pedro Ferreira", "1978-09-07","Travessa da Juventude, 65", "3510-442","Nova Cruz",15.65,457377949),
        (9, "Ana Sousa Vilaça", "1996-10-25","Rua dos Troféus, 123", "4585-143","Angra de Palha",11.28,151997577),
        (10, "Joana Pinheiro Santos", "1999-08-13","Rua da Ponte, 15", "6150-125","Santa Helena",11.28,861802884),
        (11, "Carlos Silva Machado", "1975-04-30","Avenida Rita Lino, 33", "2270-019","Silva-a-Nova",15.65,610985252),
        (12, "Henrique Manuel Oliveira", "2000-07-10","Rua da Cidade, 42", "9840-417","Nova Cruz",11.28,330842299)
    ;
    
INSERT INTO Motorista
	(nome, dataNascimento, rua, codigoPostal, localidade, salario, IBAN, NIF)
    VALUES
    ("André Ribeiro Fernandes","1975-06-23","Rua dos Catos, 52","5410-651","Miradouro",1068.32,"PT50003574977598787745027",642946491),
    ("Márcia Peixoto Mendes","1984-01-01","Largo da Feira, 2","4125-968","Santa Helena",985.41,"PT50000716853242477800304",847244452),
    ("Rui Marques Mota","1962-11-27","Avenida Rita Lino, 41","3540-645","Silva-a-Nova",1205.36,"PT50001081919541262903288",333747510),
    ("Jéssica Alves Silva","1992-07-08","Rua Barros, 174","9635-852","Angra da Palha",825.92,"PT50003534574753766070179",857304491),
    ("Tiago Daniel Armada","1983-12-21","Travessa da Folia, 69","1337-420","Miradouro",985.41,"PT50003541219878782004168",058760877)
    ;

INSERT INTO Paragem
	(id, nome, latitude, longitude)
    VALUES
    (0,"Três Rios", 79.21755, -99.58540),
    (1,"Lamaçal", -20.86539, -93.68192),
    (2,"Consolados", -32.93788, -156.59402),
    (3,"Arcos", -9.79163, -44.61096),
    (4,"Parque do Fundador", 38.55809, 18.20640),
    (5,"Cabana do Mistério",39.91894, -123.76497),
    (6,"Aguinha", 41.56158, -8.39739),
    (7,"Ferreira", -2.10948, 36.57357),
    (8,"Universidade do Vale Verde", 39.29243, -105.51858),
    (9,"Câmara Municipal", -24.23940, -68.13075),
    (10,"Avenida da Revolução", -8.82810, 13.34849)
;

INSERT INTO Percurso
	(numero, duracao)
    VALUES
    (1, "01:12:00"),
    (2, "00:36:00"),
    (3, "00:47:00")
;

INSERT INTO ParagemPercurso
	(idParagem, numeroPercurso, hora)
    VALUES
    (0, 1, "12:30:00"),
    (1, 1, "12:38:00"),
    (4, 1, "12:45:00"),
    (6, 1, "12:53:00"),
    (7, 1, "12:59:00"),
    (2, 1, "13:17:00"),
    (9, 1, "13:31:00"),
    (10, 1, "13:42:00"),
    (2, 2, "16:25:00"),
    (5, 2, "16:43:00"),
    (6, 2, "16:49:00"),
    (8, 2, "17:01:00"),
    (10, 3, "09:05:00"),
    (8, 3, "09:17:00"),
    (7, 3, "09:24:00"),
    (1, 3, "09:40:00"),
    (6, 3, "09:52:00")
;
    
INSERT INTO Autocarro
	(matricula, lotacao, tipo, dataInspecao)
    VALUES
    ("EX-45-PL", 70, "Elétrico", "2018-04-30"),
    ("AM-TF-72", 58, "Gasóleo", "2019-12-04"),
    ("32-HQ-45", 62, "Elétrico", "2020-05-10"),
    ("13-SA-BV", 50, "Gás natural", "2016-02-14"),
    ("SF-12-FD", 70, "Gasóleo", "2019-10-09")
;

INSERT INTO Viagem
	(id, `data`, matriculaAutocarro, NIFMotorista, numeroPercurso)
    VALUES
	(0,"2020-12-01","AM-TF-72",333747510,1),
	(1,"2020-12-02","SF-12-FD",333747510,1),
	(2,"2020-12-03","SF-12-FD",333747510,1),
	(3,"2020-12-04","SF-12-FD",857304491,1),
	(4,"2020-12-05","AM-TF-72",857304491,1),
	(5,"2020-12-06","AM-TF-72",857304491,1),
	(6,"2020-12-07","SF-12-FD",333747510,1),
	(7,"2020-12-08","AM-TF-72",333747510,1),
	(8,"2020-12-09","SF-12-FD",333747510,1),
	(9,"2020-12-10","SF-12-FD",333747510,1),
	(10,"2020-12-11","SF-12-FD",857304491,1),
	(11,"2020-12-12","AM-TF-72",857304491,1),
	(12,"2020-12-13","AM-TF-72",857304491,1),
	(13,"2020-12-14","SF-12-FD",333747510,1),
	(14,"2020-12-15","SF-12-FD",333747510,1),
	(15,"2020-12-16","SF-12-FD",333747510,1),
	(16,"2020-12-17","SF-12-FD",333747510,1),
	(17,"2020-12-18","SF-12-FD",857304491,1),
	(18,"2020-12-19","AM-TF-72",857304491,1),
	(19,"2020-12-20","AM-TF-72",857304491,1),
	(20,"2020-12-21","SF-12-FD",333747510,1),
	(21,"2020-12-22","SF-12-FD",333747510,1),
	(22,"2020-12-23","SF-12-FD",333747510,1),
	(23,"2020-12-24","SF-12-FD",333747510,1),
	(24,"2020-12-26","AM-TF-72",857304491,1),
	(25,"2020-12-27","AM-TF-72",857304491,1),
	(26,"2020-12-28","SF-12-FD",333747510,1),
	(27,"2020-12-29","SF-12-FD",333747510,1),
	(28,"2020-12-30","SF-12-FD",333747510,1),
	(29,"2020-12-31","SF-12-FD",333747510,1),
	(30,"2020-12-02","EX-45-PL",058760877,2),
	(31,"2020-12-03","32-HQ-45",058760877,2),
	(32,"2020-12-04","EX-45-PL",058760877,2),
	(33,"2020-12-07","EX-45-PL",058760877,2),
	(34,"2020-12-09","EX-45-PL",058760877,2),
	(35,"2020-12-10","32-HQ-45",058760877,2),
	(36,"2020-12-11","EX-45-PL",058760877,2),
	(37,"2020-12-14","EX-45-PL",847244452,2),
	(38,"2020-12-15","32-HQ-45",847244452,2),
	(39,"2020-12-16","EX-45-PL",847244452,2),
	(40,"2020-12-17","32-HQ-45",847244452,2),
	(41,"2020-12-18","EX-45-PL",847244452,2),
	(42,"2020-12-21","EX-45-PL",058760877,2),
	(43,"2020-12-22","32-HQ-45",058760877,2),
	(44,"2020-12-23","EX-45-PL",058760877,2),
	(45,"2020-12-24","32-HQ-45",058760877,2),
	(46,"2020-12-28","EX-45-PL",058760877,2),
	(47,"2020-12-29","32-HQ-45",058760877,2),
	(48,"2020-12-30","EX-45-PL",058760877,2),
	(49,"2020-12-31","32-HQ-45",058760877,2),
	(50,"2020-12-01","13-SA-BV",642946491,3),
	(51,"2020-12-05","13-SA-BV",642946491,3),
	(52,"2020-12-06","13-SA-BV",642946491,3),
	(53,"2020-12-08","32-HQ-45",642946491,3),
	(54,"2020-12-12","13-SA-BV",642946491,3),
	(55,"2020-12-13","13-SA-BV",642946491,3),
	(56,"2020-12-19","13-SA-BV",642946491,3),
	(57,"2020-12-20","13-SA-BV",642946491,3),
	(58,"2020-12-24","13-SA-BV",642946491,3),
	(59,"2020-12-26","13-SA-BV",333747510,3),
	(60,"2020-12-27","13-SA-BV",642946491,3),
	(61,"2020-12-31","13-SA-BV",642946491,3)
;

INSERT INTO ViagemCliente
	(idViagem, NIFCliente, custoBilhete)
    VALUES 
    (30,861802884,0),
	(31,861802884,0),
	(32,861802884,0),
	(33,861802884,0),
	(34,861802884,0),
	(35,861802884,0),
	(36,861802884,0),
	(37,861802884,0),
	(38,861802884,0),
	(39,861802884,0),
	(40,861802884,0),
	(41,861802884,0),
	 (0,068518607,0),
	 (1,068518607,0),
	 (2,068518607,0),
	 (3,068518607,0),
	 (4,068518607,0),
	 (5,068518607,0),
	 (6,068518607,0),
	 (7,068518607,0),
	 (8,068518607,0),
	 (9,068518607,0),
	(10,068518607,0),
	(11,068518607,0),
	(12,068518607,0),
	(13,068518607,0),
	(14,068518607,0),
	(15,068518607,0),
	(16,068518607,0),
	(17,068518607,0),
	(18,068518607,0),
	(19,068518607,0),
	(20,068518607,0),
	(21,068518607,0),
	(22,068518607,0),
	(23,068518607,0),
	(24,068518607,0),
	(25,068518607,0),
	(26,068518607,0),
	(27,068518607,0),
	(28,068518607,0),
	(29,068518607,0),
	 (0,744453376,0),
	 (1,744453376,0),
	 (2,744453376,0),
	 (3,744453376,0),
	 (4,744453376,0),
	 (5,744453376,0),
	 (6,744453376,0),
	 (7,744453376,0),
	 (8,744453376,0),
	 (9,744453376,0),
	(10,744453376,0),
	(11,744453376,0),
	(12,744453376,0),
	(13,744453376,0),
	(14,744453376,0),
	(15,744453376,0),
	(16,744453376,0),
	(17,744453376,0),
	(18,744453376,0),
	(19,744453376,0),
	(20,744453376,0),
	(21,744453376,0),
	(22,744453376,0),
	(23,744453376,0),
	(24,744453376,0),
	(25,744453376,0),
	(26,744453376,0),
	(27,744453376,0),
	(28,744453376,0),
	(29,744453376,0),
	 (0,610985252,0),
	 (1,610985252,0),
	 (2,610985252,0),
	 (3,610985252,0),
	 (4,610985252,0),
	 (5,610985252,0),
	 (6,610985252,0),
	 (7,610985252,0),
	 (8,610985252,0),
	 (9,610985252,0),
	(10,610985252,0),
	(11,610985252,0),
	(12,610985252,0),
	(13,610985252,0),
	(14,610985252,0),
	(15,610985252,0),
	(16,610985252,0),
	(17,610985252,0),
	(18,610985252,0),
	(19,610985252,0),
	(20,610985252,0),
	(21,610985252,0),
	(22,610985252,0),
	(23,610985252,0),
	(24,610985252,0),
	(25,610985252,0),
	(26,610985252,0),
	(27,610985252,0),
	(28,610985252,0),
	(29,610985252,0),
	 (1,151997577,0),
	 (2,151997577,0),
	 (3,151997577,0),
	 (6,151997577,0),
	 (8,151997577,0),
	 (9,151997577,0),
	(10,151997577,0),
	(13,151997577,0),
	(14,151997577,0),
	(15,151997577,0),
	(16,151997577,0),
	(17,151997577,0),
	(20,151997577,0),
	(21,151997577,0),
	(22,151997577,0),
	(23,151997577,0),
	(26,151997577,0),
	(27,151997577,0),
	(28,151997577,0),
	(29,151997577,0),
	 (4,330842299,0),
	 (5,330842299,0),
	(11,330842299,0),
	(12,330842299,0),
	(18,330842299,0),
	(19,330842299,0),
	(24,330842299,0),
	(25,330842299,0),
	 (4,153408467,0),
	 (5,153408467,0),
	(11,153408467,0),
	(12,153408467,0),
	(18,153408467,0),
	(19,153408467,0),
	(24,153408467,0),
	(25,153408467,0),
	 (1,597744248,0),
	 (3,597744248,0),
	 (6,597744248,0),
	 (8,597744248,0),
	(10,597744248,0),
	(13,597744248,0),
	(15,597744248,0),
	(17,597744248,0),
	(20,597744248,0),
	(22,597744248,0),
	(26,597744248,0),
	(28,597744248,0),
	(50,441992269,0),
	(51,441992269,0),
	(52,441992269,0),
	(53,441992269,0),
	(54,441992269,0),
	(55,441992269,0),
	(56,441992269,0),
	(57,441992269,0),
	(58,441992269,0),
	(59,441992269,0),
	(60,441992269,0),
	(61,441992269,0),
	(50,319720719,0),
	(51,319720719,0),
	(52,319720719,0),
	(53,319720719,0),
	(54,319720719,0),
	(55,319720719,0),
	(56,319720719,0),
	(57,319720719,0),
	(58,319720719,0),
	(59,319720719,0),
	(60,319720719,0),
	(61,319720719,0),
	(50,597744248,0),
	(51,597744248,0),
	(52,597744248,0),
	(53,597744248,0),
	(54,597744248,0),
	(55,597744248,0),
	(56,597744248,0),
	(57,597744248,0),
	(58,597744248,0),
	(59,597744248,0),
	(60,597744248,0),
	(61,597744248,0),
	 (0,553312559,0),
	 (2,553312559,0),
	 (8,553312559,0),
	(15,553312559,0),
	(36,553312559,0),
	(37,553312559,0),
	(40,553312559,0),
	 (8,457377949,0),
	(23,457377949,0),
	(25,457377949,0),
	(27,457377949,0),
	(32,457377949,0),
	(41,457377949,0),
	(51,457377949,0),
	(57,457377949,0),

	(32,908850390,1.3),
	(34,908850390,1.3),
	(35,908850390,1.3),
	(40,908850390,1.3),
	
	(30,092342956,1.3),
	(35,092342956,1.3),
	(36,092342956,1.3),
	(38,092342956,1.3),

	(34,109407502,1.3),
	(35,109407502,1.3),
	(38,109407502,1.3),
	(41,109407502,1.3),

	(30,467678705,1.3),
	(34,467678705,1.3),
	(37,467678705,1.3),
	(40,467678705,1.3),

	 (2,495526453,1.6),
	(13,495526453,1.6),
	(29,495526453,1.6),

	 (0,043516925,1.6),
	 (7,043516925,1.6),
	(24,043516925,1.6),
	(29,043516925,1.6),

	 (7,899615460,1.6),
	(14,899615460,1.6),
	(18,899615460,1.6),
	(19,899615460,1.6),

	 (0,838584036,1.6),
	 (3,838584036,1.6),
	 (6,838584036,1.6),
	(11,838584036,1.6),

	(20,466539083,1.6),
	(22,466539083,1.6),
	(25,466539083,1.6),
	(29,466539083,1.6),

	 (2,302976155,1.6),
	 (3,302976155,1.6),
	(20,302976155,1.6),
	(27,302976155,1.6),

	 (0,805419975,1.6),
	 (4,805419975,1.6),
	 (8,805419975,1.6),
	(21,805419975,1.6),
	(25,805419975,1.6),

	(50,046762932,1.2),
	(51,046762932,1.2),
	(52,046762932,1.2),

	(56,058002551,1.2),
	(57,058002551,1.2),
	(60,058002551,1.2),
	(61,058002551,1.2),

	(51,131944336,1.2),
	(54,131944336,1.2),
	(56,131944336,1.2),
	(59,131944336,1.2),

	(52,196744003,1.2),
	(55,196744003,1.2),
	(57,196744003,1.2),
	(60,196744003,1.2),

	(50,410958187,1.2),
	(53,410958187,1.2),
	(56,410958187,1.2),
	(58,410958187,1.2),

	(47,231924474,1.3),
	(37,231924474,1.3),
	(32,231924474,1.3),
	(48,231924474,1.3),
	(10,231924474,1.6),

	(48,693759712,1.3),
	(43,693759712,1.3),
	(33,693759712,1.3),
	(18,693759712,1.6),
	(20,693759712,1.6),

	(15,514507679,1.6),
	(17,514507679,1.6),
	 (6,514507679,1.6),
	(24,514507679,1.6),
	(45,514507679,1.3),

	(27,596697824,1.6),
	(39,596697824,1.3),
	(26,596697824,1.6),
	 (8,596697824,1.6),
	(57,596697824,1.2),

	(26,270756235,1.6),
	(44,270756235,1.3),
	(17,270756235,1.6),
	(45,270756235,1.3),
	(36,270756235,1.3),

	(20,643031731,1.6),
	(28,643031731,1.6),
	 (5,643031731,1.6),
	(16,643031731,1.6),
	(42,643031731,1.3),

	(28,140983587,1.6),
	(11,140983587,1.6),
	(60,140983587,1.2),
	(36,140983587,1.3),
	 (3,140983587,1.6),

	 (7,431883423,1.6),
	(43,431883423,1.3),
	(15,431883423,1.6),
	(51,431883423,1.2),
	(36,431883423,1.3)
    ;


